order,kind,configuration,window,model_version,client,node,record_version,protection_context,source_window,delivered,update_id,source_update_id,source_generation,target_generation,handoff_attempt_id,retrained
1,client_update,C0,sid-0,v0,u-sid-0-0,-,1,ctx-C0-0,-,true,upd-sid-0-u-sid-0-0,-,-,-,-,false
2,client_update,C0,sid-0,v0,u-sid-0-1,-,1,ctx-C0-0,-,true,upd-sid-0-u-sid-0-1,-,-,-,-,false
3,window_finalize,-,sid-0,v0,-,-,1,-,-,true,-,-,-,-,-,false
4,erase_receipt,C0,sid-0,-,-,-,-,-,-,true,-,-,0,-,-,false
5,client_update,C0,sid-1,v0,u-sid-1-0,-,1,ctx-C0-0,-,true,upd-sid-1-u-sid-1-0,-,-,-,-,false
6,client_update,C0,sid-1,v0,u-sid-1-1,-,1,ctx-C0-0,-,true,upd-sid-1-u-sid-1-1,-,-,-,-,false
7,client_update,C0,sid-2,v0,u-sid-2-0,-,1,ctx-C0-0,-,true,upd-sid-2-u-sid-2-0,-,-,-,-,false
8,client_update,C0,sid-2,v0,u-sid-2-1,-,1,ctx-C0-0,-,true,upd-sid-2-u-sid-2-1,-,-,-,-,false
9,client_update,C0,sid-3,v0,u-sid-3-0,-,1,ctx-C0-0,-,true,upd-sid-3-u-sid-3-0,-,-,-,-,false
10,client_update,C0,sid-3,v0,u-sid-3-1,-,1,ctx-C0-0,-,true,upd-sid-3-u-sid-3-1,-,-,-,-,false
11,node_corrupt,C0,-,-,-,p2,-,-,-,true,-,-,-,-,-,false
12,config_install,C1,-,-,-,-,-,-,-,true,-,-,-,-,-,false
13,committee_leave,C0,-,-,-,p2,-,-,-,true,-,-,-,-,-,false
14,node_release,C0,-,-,-,p2,-,-,-,true,-,-,-,-,-,false
15,node_corrupt,C1,-,-,-,p3,-,-,-,true,-,-,-,-,-,false
16,client_update,C0,sid-1,v0,late-sid-1,-,1,ctx-C0-0,-,true,upd-sid-1-late-sid-1,-,-,-,-,false
17,client_update,C0,sid-2,v0,late-sid-2,-,1,ctx-C0-0,-,true,upd-sid-2-late-sid-2,-,-,-,-,false
18,client_update,C0,sid-3,v0,late-sid-3,-,1,ctx-C0-0,-,true,upd-sid-3-late-sid-3,-,-,-,-,false
19,recover_state,C1,sid-1,v0,-,p3,2,ctx-C1-1,-,true,-,-,0,1,h-C1-sid-1,false
20,handoff_confirm,C1,sid-1,v0,-,-,2,ctx-C1-1,-,true,-,-,0,1,h-C1-sid-1,false
21,client_update,C1,sid-1,v0,late-sid-1,-,2,ctx-C1-1,-,true,upd-late-sid-1,-,1,-,-,false
22,erase_receipt,C0,sid-1,-,-,-,-,-,-,true,-,-,0,-,h-C1-sid-1,false
23,client_update,C1,sid-1,v0,late-sid-1,-,3,ctx-C1-1,-,true,upd-late-sid-1,-,1,-,-,false
24,client_resubmit,C1,sid-1-reroute,v0,late-sid-1,-,1,ctx-C1-1,sid-1,true,upd-reroute-sid-1,upd-late-sid-1,-,-,-,false
25,window_finalize,C1,sid-1,v0,-,-,2,ctx-C1-1,-,true,-,-,-,-,-,false
26,erase_receipt,C1,sid-1,-,-,-,-,-,-,true,-,-,1,-,-,false
27,window_finalize,C1,sid-1-reroute,v0,-,-,1,ctx-C1-1,-,true,-,-,-,-,-,false
28,erase_receipt,C1,sid-1-reroute,-,-,-,-,-,-,true,-,-,0,-,-,false
29,recover_state,C1,sid-2,v0,-,p3,2,ctx-C1-1,-,true,-,-,0,1,h-C1-sid-2,false
30,handoff_confirm,C1,sid-2,v0,-,-,2,ctx-C1-1,-,true,-,-,0,1,h-C1-sid-2,false
31,client_update,C1,sid-2,v0,late-sid-2,-,2,ctx-C1-1,-,true,upd-late-sid-2,-,1,-,-,false
32,erase_receipt,C0,sid-2,-,-,-,-,-,-,true,-,-,0,-,h-C1-sid-2,false
33,client_update,C1,sid-2,v0,late-sid-2,-,3,ctx-C1-1,-,true,upd-late-sid-2,-,1,-,-,false
34,client_resubmit,C1,sid-2-reroute,v0,late-sid-2,-,1,ctx-C1-1,sid-2,true,upd-reroute-sid-2,upd-late-sid-2,-,-,-,false
35,window_finalize,C1,sid-2,v0,-,-,2,ctx-C1-1,-,true,-,-,-,-,-,false
36,erase_receipt,C1,sid-2,-,-,-,-,-,-,true,-,-,1,-,-,false
37,window_finalize,C1,sid-2-reroute,v0,-,-,1,ctx-C1-1,-,true,-,-,-,-,-,false
38,erase_receipt,C1,sid-2-reroute,-,-,-,-,-,-,true,-,-,0,-,-,false
39,recover_state,C1,sid-3,v0,-,p3,2,ctx-C1-1,-,true,-,-,0,1,h-C1-sid-3,false
40,handoff_confirm,C1,sid-3,v0,-,-,2,ctx-C1-1,-,true,-,-,0,1,h-C1-sid-3,false
41,client_update,C1,sid-3,v0,late-sid-3,-,2,ctx-C1-1,-,true,upd-late-sid-3,-,1,-,-,false
42,erase_receipt,C0,sid-3,-,-,-,-,-,-,true,-,-,0,-,h-C1-sid-3,false
43,client_update,C1,sid-3,v0,late-sid-3,-,3,ctx-C1-1,-,true,upd-late-sid-3,-,1,-,-,false
44,client_resubmit,C1,sid-3-reroute,v0,late-sid-3,-,1,ctx-C1-1,sid-3,true,upd-reroute-sid-3,upd-late-sid-3,-,-,-,false
45,window_finalize,C1,sid-3,v0,-,-,2,ctx-C1-1,-,true,-,-,-,-,-,false
46,erase_receipt,C1,sid-3,-,-,-,-,-,-,true,-,-,1,-,-,false
47,window_finalize,C1,sid-3-reroute,v0,-,-,1,ctx-C1-1,-,true,-,-,-,-,-,false
48,erase_receipt,C1,sid-3-reroute,-,-,-,-,-,-,true,-,-,0,-,-,false
49,message_deliver,C1,sid-0,v0,-,-,1,-,-,true,-,-,-,-,-,false
50,node_recover,C1,-,-,-,p2,2,-,-,true,-,-,-,-,-,false
51,node_release,C1,-,-,-,p3,-,-,-,true,-,-,-,-,-,false
52,client_update,C1,sid-4,v1,u-sid-4-0,-,1,ctx-C1-0,-,true,upd-sid-4-u-sid-4-0,-,-,-,-,false
53,client_update,C1,sid-4,v1,u-sid-4-1,-,1,ctx-C1-0,-,true,upd-sid-4-u-sid-4-1,-,-,-,-,false
54,window_finalize,-,sid-4,v1,-,-,1,-,-,true,-,-,-,-,-,false
55,erase_receipt,C1,sid-4,-,-,-,-,-,-,true,-,-,0,-,-,false
56,client_update,C1,sid-5,v1,u-sid-5-0,-,1,ctx-C1-0,-,true,upd-sid-5-u-sid-5-0,-,-,-,-,false
57,client_update,C1,sid-5,v1,u-sid-5-1,-,1,ctx-C1-0,-,true,upd-sid-5-u-sid-5-1,-,-,-,-,false
58,client_update,C1,sid-6,v1,u-sid-6-0,-,1,ctx-C1-0,-,true,upd-sid-6-u-sid-6-0,-,-,-,-,false
59,client_update,C1,sid-6,v1,u-sid-6-1,-,1,ctx-C1-0,-,true,upd-sid-6-u-sid-6-1,-,-,-,-,false
60,client_update,C1,sid-7,v1,u-sid-7-0,-,1,ctx-C1-0,-,true,upd-sid-7-u-sid-7-0,-,-,-,-,false
61,client_update,C1,sid-7,v1,u-sid-7-1,-,1,ctx-C1-0,-,true,upd-sid-7-u-sid-7-1,-,-,-,-,false
62,node_corrupt,C1,-,-,-,p1,-,-,-,true,-,-,-,-,-,false
63,config_install,C2,-,-,-,-,-,-,-,true,-,-,-,-,-,false
64,node_crash,C1,-,-,-,p1,-,-,-,true,-,-,-,-,-,false
65,node_release,C1,-,-,-,p1,-,-,-,true,-,-,-,-,-,false
66,node_corrupt,C2,-,-,-,p2,-,-,-,true,-,-,-,-,-,false
67,client_update,C1,sid-5,v1,late-sid-5,-,1,ctx-C1-0,-,true,upd-sid-5-late-sid-5,-,-,-,-,false
68,client_update,C1,sid-6,v1,late-sid-6,-,1,ctx-C1-0,-,true,upd-sid-6-late-sid-6,-,-,-,-,false
69,client_update,C1,sid-7,v1,late-sid-7,-,1,ctx-C1-0,-,true,upd-sid-7-late-sid-7,-,-,-,-,false
70,recover_state,C2,sid-5,v1,-,p2,2,ctx-C2-1,-,true,-,-,0,1,h-C2-sid-5,false
71,handoff_confirm,C2,sid-5,v1,-,-,2,ctx-C2-1,-,true,-,-,0,1,h-C2-sid-5,false
72,client_update,C2,sid-5,v1,late-sid-5,-,2,ctx-C2-1,-,true,upd-late-sid-5,-,1,-,-,false
73,erase_receipt,C1,sid-5,-,-,-,-,-,-,true,-,-,0,-,h-C2-sid-5,false
74,client_update,C2,sid-5,v1,late-sid-5,-,3,ctx-C2-1,-,true,upd-late-sid-5,-,1,-,-,false
75,client_resubmit,C2,sid-5-reroute,v1,late-sid-5,-,1,ctx-C2-1,sid-5,true,upd-reroute-sid-5,upd-late-sid-5,-,-,-,false
76,window_finalize,C2,sid-5,v1,-,-,2,ctx-C2-1,-,true,-,-,-,-,-,false
77,erase_receipt,C2,sid-5,-,-,-,-,-,-,true,-,-,1,-,-,false
78,window_finalize,C2,sid-5-reroute,v1,-,-,1,ctx-C2-1,-,true,-,-,-,-,-,false
79,erase_receipt,C2,sid-5-reroute,-,-,-,-,-,-,true,-,-,0,-,-,false
80,recover_state,C2,sid-6,v1,-,p2,2,ctx-C2-1,-,true,-,-,0,1,h-C2-sid-6,false
81,handoff_confirm,C2,sid-6,v1,-,-,2,ctx-C2-1,-,true,-,-,0,1,h-C2-sid-6,false
82,client_update,C2,sid-6,v1,late-sid-6,-,2,ctx-C2-1,-,true,upd-late-sid-6,-,1,-,-,false
83,erase_receipt,C1,sid-6,-,-,-,-,-,-,true,-,-,0,-,h-C2-sid-6,false
84,client_update,C2,sid-6,v1,late-sid-6,-,3,ctx-C2-1,-,true,upd-late-sid-6,-,1,-,-,false
85,client_resubmit,C2,sid-6-reroute,v1,late-sid-6,-,1,ctx-C2-1,sid-6,true,upd-reroute-sid-6,upd-late-sid-6,-,-,-,false
86,window_finalize,C2,sid-6,v1,-,-,2,ctx-C2-1,-,true,-,-,-,-,-,false
87,erase_receipt,C2,sid-6,-,-,-,-,-,-,true,-,-,1,-,-,false
88,window_finalize,C2,sid-6-reroute,v1,-,-,1,ctx-C2-1,-,true,-,-,-,-,-,false
89,erase_receipt,C2,sid-6-reroute,-,-,-,-,-,-,true,-,-,0,-,-,false
90,recover_state,C2,sid-7,v1,-,p2,2,ctx-C2-1,-,true,-,-,0,1,h-C2-sid-7,false
91,handoff_confirm,C2,sid-7,v1,-,-,2,ctx-C2-1,-,true,-,-,0,1,h-C2-sid-7,false
92,client_update,C2,sid-7,v1,late-sid-7,-,2,ctx-C2-1,-,true,upd-late-sid-7,-,1,-,-,false
93,erase_receipt,C1,sid-7,-,-,-,-,-,-,true,-,-,0,-,h-C2-sid-7,false
94,client_update,C2,sid-7,v1,late-sid-7,-,3,ctx-C2-1,-,true,upd-late-sid-7,-,1,-,-,false
95,client_resubmit,C2,sid-7-reroute,v1,late-sid-7,-,1,ctx-C2-1,sid-7,true,upd-reroute-sid-7,upd-late-sid-7,-,-,-,false
96,window_finalize,C2,sid-7,v1,-,-,2,ctx-C2-1,-,true,-,-,-,-,-,false
97,erase_receipt,C2,sid-7,-,-,-,-,-,-,true,-,-,1,-,-,false
98,window_finalize,C2,sid-7-reroute,v1,-,-,1,ctx-C2-1,-,true,-,-,-,-,-,false
99,erase_receipt,C2,sid-7-reroute,-,-,-,-,-,-,true,-,-,0,-,-,false
100,message_deliver,C2,sid-4,v1,-,-,1,-,-,true,-,-,-,-,-,false
101,node_recover,C2,-,-,-,p1,2,-,-,true,-,-,-,-,-,false
102,node_release,C2,-,-,-,p2,-,-,-,true,-,-,-,-,-,false
103,client_update,C2,sid-8,v2,u-sid-8-0,-,1,ctx-C2-0,-,true,upd-sid-8-u-sid-8-0,-,-,-,-,false
104,client_update,C2,sid-8,v2,u-sid-8-1,-,1,ctx-C2-0,-,true,upd-sid-8-u-sid-8-1,-,-,-,-,false
105,window_finalize,-,sid-8,v2,-,-,1,-,-,true,-,-,-,-,-,false
106,erase_receipt,C2,sid-8,-,-,-,-,-,-,true,-,-,0,-,-,false
107,client_update,C2,sid-9,v2,u-sid-9-0,-,1,ctx-C2-0,-,true,upd-sid-9-u-sid-9-0,-,-,-,-,false
108,client_update,C2,sid-9,v2,u-sid-9-1,-,1,ctx-C2-0,-,true,upd-sid-9-u-sid-9-1,-,-,-,-,false
109,client_update,C2,sid-10,v2,u-sid-10-0,-,1,ctx-C2-0,-,true,upd-sid-10-u-sid-10-0,-,-,-,-,false
110,client_update,C2,sid-10,v2,u-sid-10-1,-,1,ctx-C2-0,-,true,upd-sid-10-u-sid-10-1,-,-,-,-,false
111,client_update,C2,sid-11,v2,u-sid-11-0,-,1,ctx-C2-0,-,true,upd-sid-11-u-sid-11-0,-,-,-,-,false
112,client_update,C2,sid-11,v2,u-sid-11-1,-,1,ctx-C2-0,-,true,upd-sid-11-u-sid-11-1,-,-,-,-,false
113,window_finalize,-,sid-9,v2,-,-,1,-,-,true,-,-,-,-,-,false
114,erase_receipt,C2,sid-9,-,-,-,-,-,-,true,-,-,0,-,-,false
115,window_finalize,-,sid-10,v2,-,-,1,-,-,true,-,-,-,-,-,false
116,erase_receipt,C2,sid-10,-,-,-,-,-,-,true,-,-,0,-,-,false
117,window_finalize,-,sid-11,v2,-,-,1,-,-,true,-,-,-,-,-,false
118,erase_receipt,C2,sid-11,-,-,-,-,-,-,true,-,-,0,-,-,false
